-- MySQL dump 10.13  Distrib 5.5.42, for osx10.6 (i386)
--
-- Host: localhost    Database: esea
-- ------------------------------------------------------
-- Server version	5.5.42-log

/*!40101 SET @OLD_CHARACTER_SET_CLIENT=@@CHARACTER_SET_CLIENT */;
/*!40101 SET @OLD_CHARACTER_SET_RESULTS=@@CHARACTER_SET_RESULTS */;
/*!40101 SET @OLD_COLLATION_CONNECTION=@@COLLATION_CONNECTION */;
/*!40101 SET NAMES utf8 */;
/*!40103 SET @OLD_TIME_ZONE=@@TIME_ZONE */;
/*!40103 SET TIME_ZONE='+00:00' */;
/*!40014 SET @OLD_UNIQUE_CHECKS=@@UNIQUE_CHECKS, UNIQUE_CHECKS=0 */;
/*!40014 SET @OLD_FOREIGN_KEY_CHECKS=@@FOREIGN_KEY_CHECKS, FOREIGN_KEY_CHECKS=0 */;
/*!40101 SET @OLD_SQL_MODE=@@SQL_MODE, SQL_MODE='NO_AUTO_VALUE_ON_ZERO' */;
/*!40111 SET @OLD_SQL_NOTES=@@SQL_NOTES, SQL_NOTES=0 */;

--
-- Table structure for table `maps`
--

DROP TABLE IF EXISTS `maps`;
/*!40101 SET @saved_cs_client     = @@character_set_client */;
/*!40101 SET character_set_client = utf8 */;
CREATE TABLE `maps` (
  `id` int(11) unsigned NOT NULL AUTO_INCREMENT,
  `name` varchar(32) DEFAULT NULL,
  PRIMARY KEY (`id`),
  UNIQUE KEY `unqiue_name` (`name`),
  KEY `map_id_index` (`id`)
) ENGINE=InnoDB AUTO_INCREMENT=1001 DEFAULT CHARSET=utf8;
/*!40101 SET character_set_client = @saved_cs_client */;

--
-- Dumping data for table `maps`
--

LOCK TABLES `maps` WRITE;
/*!40000 ALTER TABLE `maps` DISABLE KEYS */;
INSERT INTO `maps` VALUES (20,'de_cache'),(7,'de_cbble'),(1,'de_dust2'),(13,'de_inferno'),(3,'de_mirage'),(10,'de_nuke'),(4,'de_overpass'),(2,'de_train');
/*!40000 ALTER TABLE `maps` ENABLE KEYS */;
UNLOCK TABLES;

--
-- Table structure for table `match_results`
--

DROP TABLE IF EXISTS `match_results`;
/*!40101 SET @saved_cs_client     = @@character_set_client */;
/*!40101 SET character_set_client = utf8 */;
CREATE TABLE `match_results` (
  `match_id` int(11) unsigned NOT NULL,
  `team_id` int(11) unsigned NOT NULL,
  `score` int(11) DEFAULT NULL,
  `status` int(11) NOT NULL,
  KEY `mr_id_index` (`match_id`),
  KEY `mr_ti_index` (`team_id`),
  KEY `mr_status_index` (`status`)
) ENGINE=InnoDB DEFAULT CHARSET=utf8;
/*!40101 SET character_set_client = @saved_cs_client */;

--
-- Dumping data for table `match_results`
--

LOCK TABLES `match_results` WRITE;
/*!40000 ALTER TABLE `match_results` DISABLE KEYS */;
INSERT INTO `match_results` VALUES (1,1,15,3),(1,2,15,3),(2,3,6,2),(2,4,16,1),(3,5,15,3),(3,6,15,3),(4,7,4,2),(4,6,16,1),(5,9,9,2),(5,10,16,1),(6,11,1,2),(6,9,16,1),(7,4,16,1),(7,14,9,2),(8,6,8,2),(8,16,16,1),(9,17,16,1),(9,18,3,2),(10,4,0,2),(10,20,16,1),(11,21,9,2),(11,10,16,1),(12,23,12,2),(12,24,16,1),(13,25,16,1),(13,5,2,2),(14,1,16,1),(14,2,4,2),(15,18,9,2),(15,5,16,1),(16,11,16,1),(16,32,14,2),(17,33,16,1),(17,5,3,2),(18,25,6,2),(18,33,16,1),(19,37,7,2),(19,32,16,1),(20,24,12,2),(20,32,16,1),(21,33,16,1),(21,20,10,2),(22,7,6,2),(22,25,16,1),(23,45,14,2),(23,33,16,1),(24,1,16,1),(24,6,3,2),(25,2,12,2),(25,50,16,1),(26,24,16,1),(26,3,5,2),(27,5,16,1),(27,18,6,2),(28,33,1,2),(28,18,16,1),(29,50,7,2),(29,17,16,1),(30,23,16,1),(30,6,6,2),(31,10,6,2),(31,25,16,1),(32,45,9,2),(32,9,16,1),(33,11,5,2),(33,32,16,1),(34,7,13,2),(34,45,16,1),(35,4,16,1),(35,17,12,2),(36,14,16,1),(36,33,3,2),(37,5,16,1),(37,37,4,2),(38,17,16,1),(38,16,0,2),(39,32,0,2),(39,33,16,1),(40,3,9,2),(40,11,16,1),(41,21,16,1),(41,4,10,2),(42,18,16,1),(42,7,2,2),(43,37,15,3),(43,11,15,3),(44,10,5,2),(44,23,16,1),(45,32,16,1),(45,6,4,2),(46,50,16,1),(46,4,0,2),(47,11,4,2),(47,3,16,1),(48,4,2,2),(48,6,16,1),(49,33,16,1),(49,50,7,2),(50,2,16,1),(50,1,14,2),(51,37,11,2),(51,14,16,1),(52,16,16,1),(52,11,10,2),(53,18,16,1),(53,17,13,2),(54,4,12,2),(54,23,16,1),(55,50,16,1),(55,24,3,2),(56,23,15,3),(56,45,15,3),(57,17,4,2),(57,10,16,1),(58,11,16,1),(58,5,13,2),(59,4,16,1),(59,23,11,2),(60,10,16,1),(60,9,13,2),(61,10,10,2),(61,18,16,1),(62,20,4,2),(62,25,16,1),(63,6,3,2),(63,24,16,1),(64,45,16,1),(64,5,13,2),(65,4,16,1),(65,3,5,2),(66,21,16,1),(66,24,2,2),(67,3,15,3),(67,32,15,3),(68,3,8,2),(68,37,16,1),(69,23,16,1),(69,2,1,2),(70,7,16,1),(70,32,3,2),(71,7,7,2),(71,24,16,1),(72,9,15,3),(72,50,15,3),(73,18,8,2),(73,10,16,1),(74,4,16,1),(74,2,9,2),(75,1,16,1),(75,45,3,2),(76,32,1,2),(76,7,16,1),(77,21,9,2),(77,18,16,1),(78,17,16,1),(78,10,7,2),(79,3,14,2),(79,5,16,1),(80,10,15,3),(80,16,15,3),(81,3,15,3),(81,45,15,3),(82,1,15,3),(82,20,15,3),(83,10,13,2),(83,45,16,1),(84,7,2,2),(84,2,16,1),(85,37,12,2),(85,45,16,1),(86,3,16,1),(86,4,13,2),(87,50,14,2),(87,33,16,1),(88,6,16,1),(88,4,6,2),(89,17,16,1),(89,10,11,2),(90,14,7,2),(90,4,16,1),(91,7,16,1),(91,23,11,2),(92,5,2,2),(92,45,16,1),(93,9,16,1),(93,18,6,2),(94,16,16,1),(94,23,10,2),(95,24,16,1),(95,23,0,2),(96,6,16,1),(96,7,0,2),(97,7,8,2),(97,2,16,1),(98,6,15,3),(98,10,15,3),(99,18,5,2),(99,6,16,1),(100,20,2,2),(100,10,16,1),(101,5,5,2),(101,3,16,1),(102,9,15,3),(102,10,15,3),(103,2,5,2),(103,9,16,1),(104,21,12,2),(104,50,16,1),(105,23,15,3),(105,7,15,3),(106,32,9,2),(106,33,16,1),(107,1,15,3),(107,33,15,3),(108,10,5,2),(108,11,16,1),(109,10,3,2),(109,11,16,1),(110,32,10,2),(110,3,16,1),(111,20,9,2),(111,5,16,1),(112,10,16,1),(112,33,8,2),(113,37,16,1),(113,1,6,2),(114,3,16,1),(114,9,5,2),(115,17,2,2),(115,5,16,1),(116,1,9,2),(116,21,16,1),(117,32,7,2),(117,6,16,1),(118,2,12,2),(118,21,16,1),(119,37,1,2),(119,24,16,1),(120,1,8,2),(120,18,16,1),(121,45,16,1),(121,18,14,2),(122,2,8,2),(122,14,16,1),(123,11,16,1),(123,7,6,2),(124,37,15,3),(124,20,15,3),(125,32,4,2),(125,4,16,1),(126,3,16,1),(126,11,6,2),(127,33,16,1),(127,16,5,2),(128,45,16,1),(128,3,4,2),(129,5,16,1),(129,20,5,2),(130,23,10,2),(130,3,16,1),(131,10,16,1),(131,14,1,2),(132,5,9,2),(132,1,16,1),(133,11,0,2),(133,16,16,1),(134,25,13,2),(134,14,16,1),(135,9,5,2),(135,23,16,1),(136,10,16,1),(136,4,9,2),(137,14,5,2),(137,3,16,1),(138,23,4,2),(138,20,16,1),(139,50,16,1),(139,11,1,2),(140,33,7,2),(140,3,16,1),(141,5,15,3),(141,32,15,3),(142,16,15,3),(142,14,15,3),(143,21,7,2),(143,18,16,1),(144,32,16,1),(144,2,5,2),(145,4,16,1),(145,17,14,2),(146,3,14,2),(146,14,16,1),(147,14,14,2),(147,7,16,1),(148,50,16,1),(148,37,1,2),(149,16,15,3),(149,10,15,3),(150,5,2,2),(150,23,16,1),(151,24,16,1),(151,18,12,2),(152,18,12,2),(152,11,16,1),(153,7,16,1),(153,25,10,2),(154,16,11,2),(154,10,16,1),(155,9,12,2),(155,16,16,1),(156,10,16,1),(156,20,14,2),(157,25,13,2),(157,24,16,1),(158,14,13,2),(158,21,16,1),(159,16,10,2),(159,37,16,1),(160,25,16,1),(160,1,4,2),(161,9,4,2),(161,24,16,1),(162,45,16,1),(162,50,3,2),(163,37,7,2),(163,5,16,1),(164,9,0,2),(164,20,16,1),(165,6,16,1),(165,37,6,2),(166,10,12,2),(166,25,16,1),(167,7,16,1),(167,37,11,2),(168,11,4,2),(168,16,16,1),(169,6,16,1),(169,7,11,2),(170,20,1,2),(170,4,16,1),(171,3,16,1),(171,32,12,2),(172,37,15,3),(172,23,15,3),(173,7,16,1),(173,14,1,2),(174,50,6,2),(174,14,16,1),(175,1,15,3),(175,17,15,3),(176,1,5,2),(176,11,16,1),(177,32,0,2),(177,24,16,1),(178,5,16,1),(178,7,8,2),(179,45,16,1),(179,33,4,2),(180,3,16,1),(180,4,8,2),(181,4,6,2),(181,25,16,1),(182,32,10,2),(182,6,16,1),(183,25,9,2),(183,16,16,1),(184,33,4,2),(184,23,16,1),(185,16,16,1),(185,18,7,2),(186,2,15,3),(186,32,15,3),(187,25,6,2),(187,10,16,1),(188,50,10,2),(188,3,16,1),(189,20,16,1),(189,7,6,2),(190,25,1,2),(190,6,16,1),(191,50,4,2),(191,3,16,1),(192,1,15,3),(192,24,15,3),(193,24,16,1),(193,37,14,2),(194,10,15,3),(194,18,15,3),(195,37,16,1),(195,14,4,2),(196,20,0,2),(196,7,16,1),(197,14,8,2),(197,10,16,1),(198,24,15,3),(198,37,15,3),(199,24,0,2),(199,6,16,1),(200,6,16,1),(200,25,5,2),(201,14,15,3),(201,4,15,3),(202,6,4,2),(202,4,16,1),(203,3,15,3),(203,7,15,3),(204,11,15,3),(204,23,15,3),(205,10,16,1),(205,11,13,2),(206,11,3,2),(206,16,16,1),(207,33,16,1),(207,2,5,2),(208,5,16,1),(208,16,5,2),(209,24,8,2),(209,7,16,1),(210,21,14,2),(210,20,16,1),(211,45,16,1),(211,33,12,2),(212,3,10,2),(212,1,16,1),(213,7,16,1),(213,3,10,2),(214,6,15,3),(214,1,15,3),(215,1,16,1),(215,3,7,2),(216,33,16,1),(216,45,2,2),(217,6,4,2),(217,17,16,1),(218,17,15,3),(218,50,15,3),(219,7,16,1),(219,20,9,2),(220,32,16,1),(220,25,4,2),(221,1,16,1),(221,17,8,2),(222,37,16,1),(222,9,6,2),(223,25,10,2),(223,32,16,1),(224,17,3,2),(224,11,16,1),(225,17,16,1),(225,16,10,2),(226,24,16,1),(226,23,2,2),(227,20,16,1),(227,23,11,2),(228,16,16,1),(228,7,9,2),(229,4,15,3),(229,24,15,3),(230,5,16,1),(230,24,2,2),(231,21,5,2),(231,11,16,1),(232,45,0,2),(232,16,16,1),(233,14,13,2),(233,7,16,1),(234,21,8,2),(234,10,16,1),(235,7,13,2),(235,14,16,1),(236,16,10,2),(236,2,16,1),(237,32,16,1),(237,1,6,2),(238,4,16,1),(238,33,8,2),(239,32,16,1),(239,3,14,2),(240,4,4,2),(240,10,16,1),(241,6,5,2),(241,23,16,1),(242,50,16,1),(242,5,4,2),(243,4,16,1),(243,9,2,2),(244,5,15,3),(244,21,15,3),(245,21,16,1),(245,10,4,2),(246,50,0,2),(246,6,16,1),(247,20,11,2),(247,3,16,1),(248,1,16,1),(248,3,6,2),(249,1,14,2),(249,5,16,1),(250,50,16,1),(250,14,13,2),(251,17,16,1),(251,21,1,2),(252,33,16,1),(252,37,6,2),(253,16,16,1),(253,50,5,2),(254,1,1,2),(254,17,16,1),(255,25,15,3),(255,33,15,3),(256,24,16,1),(256,9,1,2),(257,20,11,2),(257,10,16,1),(258,14,11,2),(258,20,16,1),(259,25,7,2),(259,4,16,1),(260,14,16,1),(260,10,3,2),(261,14,11,2),(261,18,16,1),(262,2,16,1),(262,7,14,2),(263,4,16,1),(263,2,0,2),(264,20,8,2),(264,24,16,1),(265,2,7,2),(265,50,16,1),(266,2,8,2),(266,4,16,1),(267,11,4,2),(267,23,16,1),(268,32,6,2),(268,17,16,1),(269,3,2,2),(269,10,16,1),(270,6,2,2),(270,3,16,1),(271,18,12,2),(271,2,16,1),(272,32,16,1),(272,25,14,2),(273,16,16,1),(273,24,4,2),(274,45,16,1),(274,25,3,2),(275,5,11,2),(275,24,16,1),(276,14,15,3),(276,20,15,3),(277,45,15,3),(277,10,15,3),(278,4,16,1),(278,14,2,2),(279,14,16,1),(279,11,14,2),(280,21,6,2),(280,3,16,1),(281,17,13,2),(281,33,16,1),(282,25,1,2),(282,14,16,1),(283,1,16,1),(283,33,5,2),(284,18,16,1),(284,23,0,2),(285,25,5,2),(285,50,16,1),(286,9,14,2),(286,17,16,1),(287,20,16,1),(287,4,11,2),(288,24,16,1),(288,45,5,2),(289,7,16,1),(289,32,7,2),(290,18,16,1),(290,16,13,2),(291,20,16,1),(291,23,1,2),(292,1,15,3),(292,21,15,3),(293,25,15,3),(293,16,15,3),(294,32,16,1),(294,21,14,2),(295,16,16,1),(295,14,8,2),(296,21,10,2),(296,20,16,1),(297,33,16,1),(297,2,0,2),(298,25,15,3),(298,10,15,3),(299,21,16,1),(299,7,7,2),(300,37,16,1),(300,5,11,2),(301,2,11,2),(301,24,16,1),(302,16,16,1),(302,5,14,2),(303,18,16,1),(303,6,0,2),(304,20,5,2),(304,14,16,1),(305,24,10,2),(305,16,16,1),(306,16,6,2),(306,3,16,1),(307,6,5,2),(307,9,16,1),(308,5,15,3),(308,32,15,3),(309,2,16,1),(309,9,2,2),(310,50,16,1),(310,37,10,2),(311,20,16,1),(311,24,9,2),(312,2,7,2),(312,10,16,1),(313,4,12,2),(313,24,16,1),(314,11,0,2),(314,9,16,1),(315,18,0,2),(315,7,16,1),(316,5,16,1),(316,20,7,2),(317,32,4,2),(317,6,16,1),(318,50,16,1),(318,14,12,2),(319,25,15,3),(319,11,15,3),(320,5,16,1),(320,4,10,2),(321,14,16,1),(321,25,9,2),(322,14,16,1),(322,24,12,2),(323,1,16,1),(323,18,9,2),(324,1,16,1),(324,17,8,2),(325,5,9,2),(325,25,16,1),(326,23,3,2),(326,1,16,1),(327,17,15,3),(327,6,15,3),(328,10,5,2),(328,33,16,1),(329,2,16,1),(329,10,10,2),(330,7,16,1),(330,6,9,2),(331,21,2,2),(331,7,16,1),(332,50,7,2),(332,37,16,1),(333,1,15,3),(333,3,15,3),(334,3,16,1),(334,7,8,2),(335,16,5,2),(335,23,16,1),(336,23,2,2),(336,37,16,1),(337,9,16,1),(337,23,9,2),(338,10,10,2),(338,1,16,1),(339,24,16,1),(339,25,12,2),(340,5,16,1),(340,21,6,2),(341,45,16,1),(341,5,2,2),(342,4,14,2),(342,21,16,1),(343,10,16,1),(343,24,9,2),(344,5,16,1),(344,9,2,2),(345,1,5,2),(345,17,16,1),(346,9,16,1),(346,21,5,2),(347,33,15,3),(347,2,15,3),(348,20,16,1),(348,50,13,2),(349,50,16,1),(349,21,4,2),(350,16,16,1),(350,32,3,2),(351,21,9,2),(351,20,16,1),(352,32,16,1),(352,2,13,2),(353,3,14,2),(353,18,16,1),(354,2,9,2),(354,45,16,1),(355,45,16,1),(355,4,13,2),(356,6,16,1),(356,45,2,2),(357,4,16,1),(357,3,13,2),(358,18,7,2),(358,50,16,1),(359,33,16,1),(359,11,7,2),(360,2,14,2),(360,20,16,1),(361,4,15,3),(361,7,15,3),(362,16,2,2),(362,10,16,1),(363,23,16,1),(363,10,3,2),(364,24,16,1),(364,37,12,2),(365,23,4,2),(365,37,16,1),(366,11,15,3),(366,37,15,3),(367,18,16,1),(367,5,3,2),(368,32,9,2),(368,3,16,1),(369,4,13,2),(369,1,16,1),(370,50,3,2),(370,1,16,1),(371,3,10,2),(371,32,16,1),(372,1,2,2),(372,37,16,1),(373,25,16,1),(373,18,4,2),(374,24,0,2),(374,17,16,1),(375,18,8,2),(375,3,16,1),(376,33,15,3),(376,1,15,3),(377,50,8,2),(377,4,16,1),(378,17,16,1),(378,5,14,2),(379,23,16,1),(379,2,2,2),(380,10,11,2),(380,32,16,1),(381,33,0,2),(381,21,16,1),(382,32,5,2),(382,1,16,1),(383,37,16,1),(383,5,5,2),(384,7,5,2),(384,6,16,1),(385,37,6,2),(385,1,16,1),(386,37,16,1),(386,32,14,2),(387,37,15,3),(387,18,15,3),(388,50,16,1),(388,18,5,2),(389,16,16,1),(389,24,2,2),(390,11,1,2),(390,1,16,1),(391,33,16,1),(391,7,1,2),(392,32,2,2),(392,11,16,1),(393,16,16,1),(393,14,9,2),(394,1,12,2),(394,45,16,1),(395,20,16,1),(395,50,0,2),(396,6,12,2),(396,25,16,1),(397,37,15,3),(397,21,15,3),(398,1,4,2),(398,17,16,1),(399,3,16,1),(399,7,11,2),(400,45,16,1),(400,14,12,2),(401,9,15,3),(401,11,15,3),(402,32,16,1),(402,37,6,2),(403,1,16,1),(403,33,8,2),(404,23,16,1),(404,7,10,2),(405,45,5,2),(405,25,16,1),(406,33,16,1),(406,25,5,2),(407,1,8,2),(407,21,16,1),(408,45,6,2),(408,50,16,1),(409,6,4,2),(409,1,16,1),(410,10,16,1),(410,50,4,2),(411,1,16,1),(411,32,12,2),(412,1,1,2),(412,25,16,1),(413,17,16,1),(413,18,0,2),(414,2,8,2),(414,23,16,1),(415,20,16,1),(415,24,8,2),(416,2,9,2),(416,16,16,1),(417,10,2,2),(417,23,16,1),(418,50,5,2),(418,23,16,1),(419,32,16,1),(419,24,10,2),(420,2,16,1),(420,7,9,2),(421,11,5,2),(421,50,16,1),(422,21,4,2),(422,1,16,1),(423,45,12,2),(423,9,16,1),(424,4,16,1),(424,45,7,2),(425,23,12,2),(425,5,16,1),(426,2,12,2),(426,17,16,1),(427,2,16,1),(427,7,4,2),(428,3,16,1),(428,6,8,2),(429,16,16,1),(429,7,11,2),(430,10,2,2),(430,9,16,1),(431,33,2,2),(431,9,16,1),(432,4,16,1),(432,11,0,2),(433,9,1,2),(433,6,16,1),(434,17,16,1),(434,7,5,2),(435,50,7,2),(435,9,16,1),(436,16,14,2),(436,3,16,1),(437,20,6,2),(437,32,16,1),(438,20,16,1),(438,32,13,2),(439,11,16,1),(439,33,5,2),(440,32,16,1),(440,25,3,2),(441,3,16,1),(441,4,3,2),(442,5,16,1),(442,21,10,2),(443,25,10,2),(443,21,16,1),(444,50,14,2),(444,33,16,1),(445,25,16,1),(445,20,12,2),(446,4,3,2),(446,23,16,1),(447,25,16,1),(447,10,2,2),(448,6,16,1),(448,17,13,2),(449,25,13,2),(449,32,16,1),(450,14,16,1),(450,10,12,2),(451,9,0,2),(451,17,16,1),(452,4,15,3),(452,45,15,3),(453,5,10,2),(453,20,16,1),(454,14,12,2),(454,5,16,1),(455,11,16,1),(455,1,3,2),(456,14,16,1),(456,4,6,2),(457,45,10,2),(457,50,16,1),(458,1,15,3),(458,5,15,3),(459,2,15,3),(459,23,15,3),(460,37,0,2),(460,50,16,1),(461,18,1,2),(461,24,16,1),(462,2,16,1),(462,17,8,2),(463,20,5,2),(463,50,16,1),(464,5,16,1),(464,18,7,2),(465,25,9,2),(465,1,16,1),(466,24,5,2),(466,5,16,1),(467,7,16,1),(467,5,10,2),(468,11,16,1),(468,1,5,2),(469,25,1,2),(469,7,16,1),(470,18,4,2),(470,2,16,1),(471,45,6,2),(471,6,16,1),(472,10,16,1),(472,18,4,2),(473,33,16,1),(473,4,8,2),(474,14,16,1),(474,45,3,2),(475,3,0,2),(475,6,16,1),(476,5,14,2),(476,4,16,1),(477,23,5,2),(477,10,16,1),(478,9,16,1),(478,21,3,2),(479,33,16,1),(479,18,0,2),(480,10,16,1),(480,21,4,2),(481,21,16,1),(481,50,11,2),(482,6,3,2),(482,14,16,1),(483,18,16,1),(483,14,14,2),(484,3,7,2),(484,32,16,1),(485,18,16,1),(485,5,8,2),(486,24,15,3),(486,14,15,3),(487,16,16,1),(487,5,9,2),(488,5,12,2),(488,10,16,1),(489,25,15,3),(489,32,15,3),(490,2,12,2),(490,45,16,1),(491,20,13,2),(491,4,16,1),(492,17,16,1),(492,4,14,2),(493,3,10,2),(493,33,16,1),(494,17,5,2),(494,33,16,1),(495,1,14,2),(495,17,16,1),(496,3,1,2),(496,32,16,1),(497,50,0,2),(497,18,16,1),(498,4,15,3),(498,10,15,3),(499,33,11,2),(499,3,16,1),(500,10,16,1),(500,11,7,2),(501,3,16,1),(501,18,9,2),(502,9,15,3),(502,2,15,3),(503,21,6,2),(503,37,16,1),(504,16,16,1),(504,18,10,2),(505,23,14,2),(505,2,16,1),(506,3,11,2),(506,24,16,1),(507,4,14,2),(507,21,16,1),(508,21,6,2),(508,50,16,1),(509,14,16,1),(509,45,0,2),(510,50,16,1),(510,33,8,2),(511,21,16,1),(511,2,1,2),(512,33,16,1),(512,21,1,2),(513,33,5,2),(513,1,16,1),(514,1,16,1),(514,10,1,2),(515,4,3,2),(515,21,16,1),(516,17,6,2),(516,20,16,1),(517,32,10,2),(517,2,16,1),(518,32,3,2),(518,4,16,1),(519,6,13,2),(519,20,16,1),(520,10,12,2),(520,21,16,1),(521,45,16,1),(521,5,0,2),(522,45,5,2),(522,4,16,1),(523,21,0,2),(523,17,16,1),(524,9,16,1),(524,5,4,2),(525,2,4,2),(525,33,16,1),(526,3,16,1),(526,11,1,2),(527,1,6,2),(527,10,16,1),(528,16,16,1),(528,17,7,2),(529,20,5,2),(529,7,16,1),(530,6,13,2),(530,50,16,1),(531,14,16,1),(531,3,9,2),(532,45,16,1),(532,10,3,2),(533,3,16,1),(533,50,3,2),(534,23,1,2),(534,6,16,1),(535,10,16,1),(535,25,14,2),(536,10,6,2),(536,2,16,1),(537,45,16,1),(537,21,12,2),(538,17,5,2),(538,9,16,1),(539,50,9,2),(539,45,16,1),(540,9,16,1),(540,1,9,2),(541,24,7,2),(541,23,16,1),(542,18,15,3),(542,3,15,3),(543,17,13,2),(543,10,16,1),(544,5,16,1),(544,20,5,2),(545,17,2,2),(545,16,16,1),(546,1,16,1),(546,32,3,2),(547,16,11,2),(547,10,16,1),(548,18,16,1),(548,5,14,2),(549,16,6,2),(549,9,16,1),(550,23,16,1),(550,18,1,2),(551,24,16,1),(551,5,7,2),(552,45,16,1),(552,25,0,2),(553,16,15,3),(553,17,15,3),(554,2,16,1),(554,45,8,2),(555,37,16,1),(555,5,0,2),(556,10,14,2),(556,21,16,1),(557,1,15,3),(557,16,15,3),(558,20,1,2),(558,7,16,1),(559,37,0,2),(559,17,16,1),(560,32,15,3),(560,16,15,3),(561,14,13,2),(561,5,16,1),(562,16,16,1),(562,9,4,2),(563,6,12,2),(563,32,16,1),(564,10,16,1),(564,2,14,2),(565,4,9,2),(565,14,16,1),(566,50,12,2),(566,45,16,1),(567,33,16,1),(567,7,4,2),(568,16,3,2),(568,2,16,1),(569,5,4,2),(569,45,16,1),(570,23,8,2),(570,50,16,1),(571,33,1,2),(571,2,16,1),(572,23,14,2),(572,3,16,1),(573,14,3,2),(573,9,16,1),(574,25,8,2),(574,21,16,1),(575,23,16,1),(575,1,14,2),(576,9,16,1),(576,2,2,2),(577,23,16,1),(577,7,13,2),(578,50,16,1),(578,32,13,2),(579,23,1,2),(579,17,16,1),(580,5,13,2),(580,50,16,1),(581,20,16,1),(581,14,7,2),(582,14,6,2),(582,17,16,1),(583,2,16,1),(583,11,0,2),(584,3,9,2),(584,9,16,1),(585,11,16,1),(585,3,4,2),(586,3,15,3),(586,2,15,3),(587,24,16,1),(587,18,12,2),(588,32,12,2),(588,50,16,1),(589,18,14,2),(589,24,16,1),(590,37,8,2),(590,16,16,1),(591,2,16,1),(591,20,13,2),(592,11,11,2),(592,4,16,1),(593,2,12,2),(593,11,16,1),(594,25,16,1),(594,45,4,2),(595,23,15,3),(595,21,15,3),(596,1,5,2),(596,25,16,1),(597,16,16,1),(597,9,12,2),(598,4,16,1),(598,25,12,2),(599,18,14,2),(599,37,16,1),(600,16,0,2),(600,23,16,1),(601,4,16,1),(601,25,5,2),(602,37,15,3),(602,7,15,3),(603,50,16,1),(603,2,3,2),(604,20,13,2),(604,24,16,1),(605,5,16,1),(605,10,4,2),(606,25,15,3),(606,45,15,3),(607,14,11,2),(607,20,16,1),(608,10,16,1),(608,2,0,2),(609,6,7,2),(609,18,16,1),(610,20,15,3),(610,17,15,3),(611,9,16,1),(611,1,8,2),(612,2,1,2),(612,50,16,1),(613,33,5,2),(613,14,16,1),(614,3,10,2),(614,16,16,1),(615,2,12,2),(615,16,16,1),(616,11,16,1),(616,5,10,2),(617,45,15,3),(617,32,15,3),(618,23,14,2),(618,3,16,1),(619,20,16,1),(619,21,3,2),(620,6,16,1),(620,1,5,2),(621,1,8,2),(621,21,16,1),(622,24,13,2),(622,9,16,1),(623,18,16,1),(623,25,13,2),(624,20,16,1),(624,4,9,2),(625,21,15,3),(625,17,15,3),(626,25,7,2),(626,20,16,1),(627,14,16,1),(627,37,8,2),(628,50,16,1),(628,11,1,2),(629,9,16,1),(629,37,4,2),(630,6,16,1),(630,1,0,2),(631,21,16,1),(631,16,6,2),(632,3,16,1),(632,17,7,2),(633,2,15,3),(633,7,15,3),(634,18,15,3),(634,11,15,3),(635,17,6,2),(635,18,16,1),(636,37,4,2),(636,1,16,1),(637,9,13,2),(637,6,16,1),(638,9,13,2),(638,14,16,1),(639,20,16,1),(639,21,9,2),(640,11,8,2),(640,9,16,1),(641,14,16,1),(641,1,6,2),(642,5,0,2),(642,32,16,1),(643,21,3,2),(643,25,16,1),(644,45,16,1),(644,32,1,2),(645,2,15,3),(645,10,15,3),(646,37,16,1),(646,5,9,2),(647,11,16,1),(647,1,4,2),(648,33,16,1),(648,23,3,2),(649,11,9,2),(649,3,16,1),(650,24,16,1),(650,10,11,2),(651,10,15,3),(651,50,15,3),(652,18,16,1),(652,2,6,2),(653,4,2,2),(653,25,16,1),(654,11,7,2),(654,9,16,1),(655,17,16,1),(655,20,11,2),(656,21,16,1),(656,1,12,2),(657,2,8,2),(657,45,16,1),(658,45,16,1),(658,32,9,2),(659,14,16,1),(659,25,6,2),(660,10,16,1),(660,2,9,2),(661,33,13,2),(661,16,16,1),(662,18,16,1),(662,23,0,2),(663,17,16,1),(663,24,3,2),(664,37,16,1),(664,9,4,2),(665,45,4,2),(665,9,16,1),(666,23,15,3),(666,17,15,3),(667,1,16,1),(667,2,1,2),(668,33,12,2),(668,24,16,1),(669,16,16,1),(669,14,8,2),(670,32,12,2),(670,2,16,1),(671,17,3,2),(671,21,16,1),(672,7,15,3),(672,14,15,3),(673,2,16,1),(673,3,1,2),(674,24,3,2),(674,21,16,1),(675,18,0,2),(675,24,16,1),(676,4,3,2),(676,3,16,1),(677,3,1,2),(677,50,16,1),(678,18,6,2),(678,3,16,1),(679,14,16,1),(679,17,9,2),(680,10,16,1),(680,24,9,2),(681,37,15,3),(681,25,15,3),(682,25,16,1),(682,32,5,2),(683,16,16,1),(683,32,3,2),(684,14,4,2),(684,25,16,1),(685,7,1,2),(685,4,16,1),(686,20,7,2),(686,17,16,1),(687,7,9,2),(687,9,16,1),(688,2,16,1),(688,20,2,2),(689,17,3,2),(689,23,16,1),(690,37,16,1),(690,9,10,2),(691,7,2,2),(691,32,16,1),(692,7,4,2),(692,10,16,1),(693,24,15,3),(693,33,15,3),(694,11,16,1),(694,32,10,2),(695,18,7,2),(695,17,16,1),(696,10,14,2),(696,4,16,1),(697,10,12,2),(697,33,16,1),(698,3,16,1),(698,14,13,2),(699,23,16,1),(699,11,0,2),(700,23,16,1),(700,14,11,2),(701,4,0,2),(701,9,16,1),(702,2,16,1),(702,7,6,2),(703,24,16,1),(703,5,4,2),(704,9,7,2),(704,5,16,1),(705,23,16,1),(705,45,0,2),(706,45,7,2),(706,1,16,1),(707,1,11,2),(707,50,16,1),(708,32,16,1),(708,17,13,2),(709,20,3,2),(709,5,16,1),(710,32,16,1),(710,50,3,2),(711,1,16,1),(711,50,11,2),(712,17,16,1),(712,11,11,2),(713,2,7,2),(713,1,16,1),(714,23,10,2),(714,16,16,1),(715,10,8,2),(715,32,16,1),(716,21,15,3),(716,20,15,3),(717,6,10,2),(717,3,16,1),(718,24,15,3),(718,20,15,3),(719,11,15,3),(719,23,15,3),(720,50,1,2),(720,1,16,1),(721,16,8,2),(721,10,16,1),(722,6,1,2),(722,25,16,1),(723,14,16,1),(723,20,4,2),(724,14,16,1),(724,24,13,2),(725,5,12,2),(725,50,16,1),(726,3,6,2),(726,32,16,1),(727,14,16,1),(727,9,9,2),(728,20,16,1),(728,37,3,2),(729,6,16,1),(729,3,12,2),(730,45,16,1),(730,50,3,2),(731,23,16,1),(731,17,14,2),(732,33,16,1),(732,2,2,2),(733,25,15,3),(733,23,15,3),(734,4,3,2),(734,20,16,1),(735,17,10,2),(735,18,16,1),(736,5,9,2),(736,20,16,1),(737,25,15,3),(737,32,15,3),(738,7,11,2),(738,14,16,1),(739,33,11,2),(739,18,16,1),(740,45,7,2),(740,11,16,1),(741,21,16,1),(741,37,7,2),(742,6,16,1),(742,33,6,2),(743,1,14,2),(743,7,16,1),(744,45,4,2),(744,1,16,1),(745,24,1,2),(745,50,16,1),(746,4,16,1),(746,21,11,2),(747,21,16,1),(747,1,12,2),(748,7,15,3),(748,17,15,3),(749,50,15,3),(749,37,15,3),(750,6,16,1),(750,24,1,2),(751,2,16,1),(751,50,8,2),(752,5,1,2),(752,14,16,1),(753,6,10,2),(753,20,16,1),(754,10,16,1),(754,50,0,2),(755,25,15,3),(755,50,15,3),(756,11,14,2),(756,10,16,1),(757,5,7,2),(757,21,16,1),(758,14,16,1),(758,9,1,2),(759,45,16,1),(759,37,13,2),(760,4,13,2),(760,7,16,1),(761,7,11,2),(761,45,16,1),(762,7,2,2),(762,14,16,1),(763,4,9,2),(763,25,16,1),(764,17,16,1),(764,21,6,2),(765,16,16,1),(765,5,0,2),(766,21,2,2),(766,25,16,1),(767,3,16,1),(767,11,11,2),(768,1,3,2),(768,9,16,1),(769,6,6,2),(769,5,16,1),(770,37,16,1),(770,50,3,2),(771,14,11,2),(771,3,16,1),(772,33,5,2),(772,7,16,1),(773,45,13,2),(773,17,16,1),(774,25,5,2),(774,50,16,1),(775,6,9,2),(775,50,16,1),(776,18,16,1),(776,9,12,2),(777,1,16,1),(777,14,5,2),(778,45,14,2),(778,24,16,1),(779,9,15,3),(779,4,15,3),(780,45,5,2),(780,14,16,1),(781,18,16,1),(781,5,7,2),(782,4,16,1),(782,24,8,2),(783,45,8,2),(783,37,16,1),(784,4,16,1),(784,32,14,2),(785,5,15,3),(785,11,15,3),(786,7,16,1),(786,5,11,2),(787,32,6,2),(787,5,16,1),(788,10,16,1),(788,4,2,2),(789,11,7,2),(789,17,16,1),(790,2,6,2),(790,18,16,1),(791,32,16,1),(791,4,13,2),(792,7,15,3),(792,25,15,3),(793,9,11,2),(793,24,16,1),(794,50,16,1),(794,45,13,2),(795,1,0,2),(795,11,16,1),(796,32,16,1),(796,6,12,2),(797,21,15,3),(797,37,15,3),(798,20,16,1),(798,21,4,2),(799,23,15,3),(799,45,15,3),(800,1,15,3),(800,45,15,3),(801,5,15,3),(801,23,15,3),(802,3,7,2),(802,7,16,1),(803,45,5,2),(803,17,16,1),(804,32,1,2),(804,45,16,1),(805,37,16,1),(805,6,6,2),(806,50,13,2),(806,10,16,1),(807,1,13,2),(807,10,16,1),(808,50,2,2),(808,32,16,1),(809,23,12,2),(809,24,16,1),(810,14,1,2),(810,4,16,1),(811,32,3,2),(811,20,16,1),(812,17,16,1),(812,18,3,2),(813,14,16,1),(813,6,2,2),(814,14,14,2),(814,3,16,1),(815,14,11,2),(815,21,16,1),(816,4,15,3),(816,5,15,3),(817,32,5,2),(817,23,16,1),(818,3,16,1),(818,7,6,2),(819,16,8,2),(819,18,16,1),(820,20,12,2),(820,37,16,1),(821,37,13,2),(821,5,16,1),(822,9,4,2),(822,18,16,1),(823,21,16,1),(823,45,5,2),(824,16,11,2),(824,17,16,1),(825,2,0,2),(825,4,16,1),(826,45,7,2),(826,25,16,1),(827,6,1,2),(827,33,16,1),(828,2,16,1),(828,33,11,2),(829,6,9,2),(829,4,16,1),(830,10,16,1),(830,23,14,2),(831,33,14,2),(831,17,16,1),(832,11,12,2),(832,20,16,1),(833,37,16,1),(833,9,9,2),(834,37,16,1),(834,4,3,2),(835,33,10,2),(835,23,16,1),(836,5,16,1),(836,9,7,2),(837,14,16,1),(837,45,6,2),(838,23,16,1),(838,18,1,2),(839,11,15,3),(839,45,15,3),(840,1,12,2),(840,3,16,1),(841,11,5,2),(841,32,16,1),(842,6,16,1),(842,50,12,2),(843,17,16,1),(843,24,2,2),(844,5,2,2),(844,25,16,1),(845,23,15,3),(845,33,15,3),(846,23,14,2),(846,4,16,1),(847,2,11,2),(847,23,16,1),(848,37,2,2),(848,1,16,1),(849,7,15,3),(849,18,15,3),(850,7,16,1),(850,17,4,2),(851,9,4,2),(851,14,16,1),(852,23,9,2),(852,5,16,1),(853,5,13,2),(853,6,16,1),(854,50,16,1),(854,23,0,2),(855,18,16,1),(855,2,4,2),(856,1,16,1),(856,50,12,2),(857,2,6,2),(857,37,16,1),(858,1,11,2),(858,37,16,1),(859,25,4,2),(859,21,16,1),(860,33,16,1),(860,21,1,2),(861,21,16,1),(861,10,9,2),(862,25,16,1),(862,3,5,2),(863,45,16,1),(863,21,0,2),(864,37,16,1),(864,32,6,2),(865,2,14,2),(865,20,16,1),(866,4,16,1),(866,33,4,2),(867,6,16,1),(867,24,11,2),(868,20,3,2),(868,4,16,1),(869,17,16,1),(869,5,14,2),(870,21,3,2),(870,50,16,1),(871,23,11,2),(871,4,16,1),(872,23,15,3),(872,37,15,3),(873,3,15,3),(873,2,15,3),(874,14,9,2),(874,45,16,1),(875,32,15,3),(875,10,15,3),(876,24,0,2),(876,17,16,1),(877,7,16,1),(877,21,3,2),(878,50,16,1),(878,10,4,2),(879,16,16,1),(879,21,3,2),(880,32,5,2),(880,21,16,1),(881,5,16,1),(881,33,11,2),(882,14,8,2),(882,3,16,1),(883,1,11,2),(883,4,16,1),(884,3,2,2),(884,6,16,1),(885,5,16,1),(885,14,6,2),(886,25,7,2),(886,6,16,1),(887,45,0,2),(887,11,16,1),(888,2,16,1),(888,24,11,2),(889,1,16,1),(889,20,7,2),(890,45,15,3),(890,2,15,3),(891,37,16,1),(891,5,5,2),(892,4,16,1),(892,24,6,2),(893,18,16,1),(893,5,2,2),(894,32,16,1),(894,33,7,2),(895,24,11,2),(895,17,16,1),(896,50,16,1),(896,23,7,2),(897,6,15,3),(897,18,15,3),(898,18,16,1),(898,14,14,2),(899,20,16,1),(899,50,4,2),(900,11,6,2),(900,37,16,1),(901,14,15,3),(901,21,15,3),(902,50,16,1),(902,21,11,2),(903,37,16,1),(903,10,6,2),(904,45,16,1),(904,24,12,2),(905,50,15,3),(905,9,15,3),(906,25,11,2),(906,45,16,1),(907,25,5,2),(907,5,16,1),(908,11,16,1),(908,9,0,2),(909,16,16,1),(909,20,6,2),(910,33,12,2),(910,3,16,1),(911,4,10,2),(911,14,16,1),(912,3,1,2),(912,33,16,1),(913,1,16,1),(913,37,13,2),(914,7,16,1),(914,6,1,2),(915,4,16,1),(915,11,12,2),(916,17,6,2),(916,50,16,1),(917,37,4,2),(917,6,16,1),(918,4,3,2),(918,6,16,1),(919,32,16,1),(919,21,14,2),(920,2,16,1),(920,23,8,2),(921,21,11,2),(921,4,16,1),(922,21,16,1),(922,11,4,2),(923,14,16,1),(923,21,11,2),(924,17,6,2),(924,2,16,1),(925,5,4,2),(925,1,16,1),(926,3,2,2),(926,11,16,1),(927,45,13,2),(927,9,16,1),(928,23,16,1),(928,18,2,2),(929,7,16,1),(929,11,6,2),(930,10,1,2),(930,9,16,1),(931,16,16,1),(931,4,6,2),(932,3,0,2),(932,21,16,1),(933,1,16,1),(933,3,5,2),(934,6,12,2),(934,24,16,1),(935,18,16,1),(935,37,2,2),(936,25,5,2),(936,50,16,1),(937,10,15,3),(937,4,15,3),(938,3,16,1),(938,7,11,2),(939,24,8,2),(939,23,16,1),(940,24,16,1),(940,9,14,2),(941,20,16,1),(941,1,8,2),(942,33,4,2),(942,6,16,1),(943,11,16,1),(943,32,8,2),(944,18,8,2),(944,25,16,1),(945,25,3,2),(945,9,16,1),(946,1,15,3),(946,16,15,3),(947,32,9,2),(947,24,16,1),(948,17,16,1),(948,33,7,2),(949,32,3,2),(949,33,16,1),(950,33,14,2),(950,37,16,1),(951,20,16,1),(951,33,1,2),(952,23,16,1),(952,7,5,2),(953,32,9,2),(953,23,16,1),(954,1,16,1),(954,6,12,2),(955,4,16,1),(955,16,0,2),(956,21,1,2),(956,1,16,1),(957,18,16,1),(957,21,8,2),(958,6,15,3),(958,5,15,3),(959,33,5,2),(959,50,16,1),(960,45,8,2),(960,21,16,1),(961,14,16,1),(961,4,1,2),(962,7,2,2),(962,50,16,1),(963,6,16,1),(963,16,3,2),(964,45,10,2),(964,7,16,1),(965,7,11,2),(965,21,16,1),(966,1,16,1),(966,18,9,2),(967,2,16,1),(967,17,0,2),(968,45,5,2),(968,21,16,1),(969,14,16,1),(969,23,0,2),(970,37,14,2),(970,21,16,1),(971,20,16,1),(971,32,1,2),(972,14,11,2),(972,9,16,1),(973,4,16,1),(973,14,2,2),(974,2,4,2),(974,24,16,1),(975,14,1,2),(975,11,16,1),(976,21,15,3),(976,4,15,3),(977,11,6,2),(977,23,16,1),(978,6,16,1),(978,32,6,2),(979,16,16,1),(979,17,1,2),(980,1,1,2),(980,33,16,1),(981,18,16,1),(981,20,0,2),(982,7,13,2),(982,16,16,1),(983,6,16,1),(983,5,4,2),(984,7,12,2),(984,16,16,1),(985,17,16,1),(985,20,10,2),(986,17,16,1),(986,4,4,2),(987,9,16,1),(987,1,11,2),(988,10,13,2),(988,1,16,1),(989,33,12,2),(989,11,16,1),(990,24,16,1),(990,20,2,2),(991,5,4,2),(991,9,16,1),(992,18,16,1),(992,1,12,2),(993,2,16,1),(993,16,3,2),(994,45,16,1),(994,32,6,2),(995,2,9,2),(995,23,16,1),(996,10,16,1),(996,32,0,2),(997,7,16,1),(997,25,12,2),(998,18,16,1),(998,25,12,2),(999,50,6,2),(999,9,16,1),(1000,32,16,1),(1000,3,12,2);
/*!40000 ALTER TABLE `match_results` ENABLE KEYS */;
UNLOCK TABLES;

--
-- Table structure for table `matches`
--

DROP TABLE IF EXISTS `matches`;
/*!40101 SET @saved_cs_client     = @@character_set_client */;
/*!40101 SET character_set_client = utf8 */;
CREATE TABLE `matches` (
  `id` int(11) unsigned NOT NULL AUTO_INCREMENT,
  `date` datetime NOT NULL,
  `map` int(11) unsigned NOT NULL,
  PRIMARY KEY (`id`),
  KEY `m_id_index` (`id`),
  KEY `m_date_index` (`date`)
) ENGINE=InnoDB AUTO_INCREMENT=1001 DEFAULT CHARSET=utf8;
/*!40101 SET character_set_client = @saved_cs_client */;

--
-- Dumping data for table `matches`
--

LOCK TABLES `matches` WRITE;
/*!40000 ALTER TABLE `matches` DISABLE KEYS */;
INSERT INTO `matches` VALUES (1,'2003-06-24 00:01:00',1),(2,'2008-03-28 06:28:00',2),(3,'2016-09-07 08:07:00',3),(4,'2004-12-12 21:57:00',4),(5,'2014-04-14 23:04:00',1),(6,'2015-05-26 19:43:00',2),(7,'2005-09-22 12:26:00',7),(8,'2004-02-08 21:03:00',1),(9,'2012-12-16 03:16:00',2),(10,'2005-02-03 20:15:00',10),(11,'2009-05-19 08:02:00',1),(12,'2004-03-07 04:46:00',4),(13,'2011-04-14 04:49:00',13),(14,'2011-05-21 00:20:00',2),(15,'2014-05-10 10:30:00',13),(16,'2009-07-28 01:03:00',3),(17,'2004-11-02 04:59:00',1),(18,'2000-07-05 11:05:00',4),(19,'2009-09-17 13:11:00',3),(20,'2001-01-17 00:48:00',20),(21,'2007-04-06 20:17:00',3),(22,'2002-09-19 06:40:00',10),(23,'2001-10-10 21:59:00',4),(24,'2005-08-24 01:02:00',7),(25,'2013-06-19 02:50:00',13),(26,'2007-01-10 09:12:00',3),(27,'2010-11-12 14:51:00',10),(28,'2004-04-04 13:28:00',3),(29,'2014-02-27 19:18:00',13),(30,'2014-11-24 03:43:00',20),(31,'2001-08-26 14:58:00',3),(32,'2013-11-11 00:13:00',7),(33,'2000-07-13 17:34:00',2),(34,'2013-01-20 07:04:00',10),(35,'2008-07-08 21:33:00',3),(36,'2005-10-03 08:10:00',2),(37,'2002-07-01 07:45:00',3),(38,'2006-12-08 10:53:00',2),(39,'2004-04-22 20:25:00',2),(40,'2016-10-15 22:19:00',20),(41,'2013-04-27 06:14:00',3),(42,'2011-06-06 08:08:00',3),(43,'2004-03-03 20:01:00',7),(44,'2015-05-18 11:15:00',7),(45,'2007-07-22 20:56:00',7),(46,'2003-01-19 17:20:00',13),(47,'2005-02-11 03:41:00',4),(48,'2011-05-09 15:36:00',20),(49,'2011-08-10 21:39:00',4),(50,'2006-01-26 10:32:00',1),(51,'2000-08-15 12:30:00',1),(52,'2015-06-14 02:24:00',2),(53,'2003-05-19 15:01:00',7),(54,'2003-04-18 07:38:00',1),(55,'2003-09-09 05:05:00',13),(56,'2010-10-22 18:46:00',13),(57,'2005-03-19 12:55:00',7),(58,'2015-10-16 05:32:00',3),(59,'2005-03-17 19:06:00',7),(60,'2006-10-15 03:53:00',13),(61,'2014-11-10 21:11:00',13),(62,'2016-12-27 04:48:00',7),(63,'2009-04-10 22:01:00',13),(64,'2008-12-20 08:40:00',2),(65,'2000-02-15 12:05:00',7),(66,'2010-09-25 16:28:00',20),(67,'2001-01-28 22:30:00',1),(68,'2005-08-16 01:32:00',20),(69,'2003-12-14 15:08:00',10),(70,'2015-03-13 17:01:00',1),(71,'2008-09-25 11:23:00',2),(72,'2014-05-11 13:18:00',7),(73,'2011-09-21 04:24:00',20),(74,'2000-06-06 01:52:00',7),(75,'2006-09-14 01:27:00',7),(76,'2010-10-10 10:00:00',2),(77,'2008-01-09 09:36:00',10),(78,'2010-11-09 12:36:00',7),(79,'2014-07-06 03:41:00',2),(80,'2004-07-19 12:30:00',7),(81,'2012-02-19 05:36:00',10),(82,'2001-08-22 21:19:00',2),(83,'2007-11-24 01:24:00',2),(84,'2005-02-17 02:18:00',13),(85,'2016-10-02 04:30:00',2),(86,'2010-01-15 18:38:00',3),(87,'2016-09-23 11:03:00',2),(88,'2009-04-08 04:18:00',1),(89,'2004-05-13 18:18:00',1),(90,'2003-08-05 19:01:00',20),(91,'2000-02-01 18:04:00',4),(92,'2005-03-23 18:49:00',3),(93,'2001-05-27 20:09:00',7),(94,'2003-09-25 19:38:00',1),(95,'2011-08-15 20:46:00',20),(96,'2000-04-24 05:29:00',20),(97,'2009-08-14 16:32:00',13),(98,'2006-10-08 09:46:00',2),(99,'2015-03-01 15:51:00',3),(100,'2002-10-09 08:43:00',7),(101,'2000-03-08 10:29:00',2),(102,'2009-12-10 16:37:00',4),(103,'2007-02-17 21:27:00',10),(104,'2011-09-14 03:32:00',3),(105,'2001-12-07 12:34:00',3),(106,'2006-02-15 01:28:00',20),(107,'2009-07-21 01:16:00',3),(108,'2010-01-21 20:41:00',3),(109,'2002-11-16 14:41:00',3),(110,'2015-04-23 21:12:00',7),(111,'2004-02-27 01:47:00',4),(112,'2007-12-25 22:46:00',13),(113,'2011-02-23 22:14:00',20),(114,'2003-09-09 18:09:00',4),(115,'2009-06-11 05:42:00',7),(116,'2002-11-24 03:09:00',4),(117,'2005-05-15 05:25:00',4),(118,'2000-11-06 09:58:00',1),(119,'2006-11-14 04:02:00',4),(120,'2003-06-14 23:43:00',1),(121,'2016-11-12 16:37:00',10),(122,'2010-01-01 12:50:00',20),(123,'2015-07-19 05:31:00',3),(124,'2000-03-08 04:11:00',20),(125,'2005-05-14 12:24:00',7),(126,'2001-02-26 19:12:00',4),(127,'2007-08-27 04:10:00',4),(128,'2002-10-10 21:32:00',13),(129,'2002-08-26 00:22:00',10),(130,'2001-02-07 02:58:00',4),(131,'2002-07-28 04:20:00',7),(132,'2011-04-18 14:54:00',4),(133,'2005-09-28 19:40:00',20),(134,'2010-09-18 19:43:00',4),(135,'2007-09-04 18:09:00',20),(136,'2004-05-05 19:05:00',20),(137,'2001-03-03 21:24:00',2),(138,'2010-11-19 02:19:00',20),(139,'2010-02-13 00:12:00',4),(140,'2009-06-03 06:41:00',3),(141,'2004-10-08 06:32:00',10),(142,'2009-03-09 19:11:00',3),(143,'2011-10-14 14:08:00',10),(144,'2011-11-10 04:16:00',13),(145,'2008-05-20 23:20:00',3),(146,'2015-07-21 00:31:00',1),(147,'2010-11-14 19:33:00',4),(148,'2004-12-16 07:19:00',20),(149,'2014-02-19 03:52:00',20),(150,'2011-04-17 17:24:00',2),(151,'2004-09-26 19:22:00',10),(152,'2000-10-05 09:47:00',20),(153,'2015-02-28 21:41:00',20),(154,'2013-10-22 14:57:00',13),(155,'2006-10-28 15:23:00',20),(156,'2011-12-11 17:00:00',20),(157,'2009-04-18 12:17:00',4),(158,'2016-08-21 01:32:00',10),(159,'2008-06-01 08:50:00',7),(160,'2006-05-17 06:45:00',7),(161,'2005-11-19 11:33:00',2),(162,'2010-03-22 15:40:00',10),(163,'2003-11-15 17:06:00',13),(164,'2005-02-08 01:41:00',20),(165,'2014-10-20 09:10:00',3),(166,'2001-08-15 04:48:00',20),(167,'2007-04-14 02:30:00',3),(168,'2000-11-25 02:40:00',4),(169,'2008-06-13 01:35:00',20),(170,'2015-08-14 07:54:00',10),(171,'2011-02-09 12:16:00',7),(172,'2004-09-15 13:05:00',10),(173,'2007-05-19 19:25:00',4),(174,'2013-12-21 12:43:00',7),(175,'2004-08-01 02:13:00',20),(176,'2004-12-02 13:30:00',4),(177,'2012-06-23 13:37:00',13),(178,'2015-01-19 10:01:00',2),(179,'2007-07-09 16:51:00',2),(180,'2006-02-12 15:07:00',3),(181,'2001-04-13 09:26:00',3),(182,'2004-05-17 21:39:00',10),(183,'2000-10-20 10:01:00',2),(184,'2009-03-22 18:00:00',2),(185,'2014-07-21 21:55:00',13),(186,'2016-01-26 09:14:00',4),(187,'2009-03-24 12:43:00',3),(188,'2011-06-18 07:24:00',20),(189,'2009-02-02 14:22:00',7),(190,'2001-08-05 14:08:00',7),(191,'2006-01-05 15:04:00',4),(192,'2014-05-18 05:54:00',4),(193,'2000-10-08 23:03:00',2),(194,'2005-11-02 13:11:00',13),(195,'2015-09-14 12:49:00',20),(196,'2000-02-27 16:35:00',3),(197,'2004-10-01 23:04:00',20),(198,'2014-04-25 17:39:00',2),(199,'2012-02-06 11:43:00',1),(200,'2014-04-12 06:06:00',13),(201,'2000-09-25 15:42:00',10),(202,'2015-09-05 12:22:00',13),(203,'2004-12-10 02:24:00',2),(204,'2003-01-10 20:06:00',20),(205,'2012-07-16 10:20:00',10),(206,'2015-12-06 10:39:00',13),(207,'2005-10-18 14:00:00',20),(208,'2016-01-05 21:51:00',2),(209,'2003-03-27 19:17:00',4),(210,'2011-09-27 04:10:00',13),(211,'2009-02-20 23:17:00',13),(212,'2001-11-07 03:52:00',1),(213,'2001-07-22 07:56:00',2),(214,'2003-07-06 04:56:00',4),(215,'2015-01-13 10:38:00',4),(216,'2013-12-15 10:34:00',7),(217,'2014-03-26 06:22:00',3),(218,'2008-07-01 08:22:00',13),(219,'2009-04-06 22:42:00',4),(220,'2001-08-24 03:42:00',13),(221,'2011-08-06 13:30:00',7),(222,'2010-05-17 23:07:00',2),(223,'2013-12-09 02:10:00',3),(224,'2008-09-02 15:30:00',4),(225,'2015-08-22 15:20:00',20),(226,'2010-02-27 16:34:00',1),(227,'2008-02-09 11:18:00',1),(228,'2010-03-15 06:43:00',1),(229,'2011-03-04 18:59:00',13),(230,'2001-04-11 18:09:00',2),(231,'2005-08-23 16:56:00',10),(232,'2013-05-06 23:57:00',13),(233,'2015-11-21 23:50:00',3),(234,'2002-03-12 01:28:00',7),(235,'2014-07-23 12:14:00',3),(236,'2001-08-22 22:16:00',20),(237,'2009-10-15 20:03:00',13),(238,'2009-07-22 08:40:00',1),(239,'2016-01-04 00:56:00',10),(240,'2016-03-22 21:13:00',2),(241,'2011-04-03 09:37:00',7),(242,'2012-01-03 10:44:00',3),(243,'2009-07-24 22:47:00',2),(244,'2009-05-07 19:52:00',7),(245,'2002-09-14 06:51:00',20),(246,'2014-03-03 07:11:00',3),(247,'2000-07-16 19:20:00',1),(248,'2009-08-17 23:36:00',2),(249,'2014-12-21 13:45:00',3),(250,'2016-03-15 04:43:00',2),(251,'2009-05-12 05:43:00',1),(252,'2012-06-08 14:20:00',2),(253,'2014-12-13 04:27:00',13),(254,'2004-07-20 14:03:00',13),(255,'2008-09-14 23:46:00',10),(256,'2001-08-21 10:10:00',10),(257,'2016-07-16 16:00:00',4),(258,'2013-03-08 21:55:00',2),(259,'2015-05-20 08:01:00',3),(260,'2008-01-26 10:41:00',4),(261,'2000-10-26 21:42:00',2),(262,'2014-04-14 02:35:00',2),(263,'2011-02-02 17:26:00',3),(264,'2015-07-23 06:29:00',1),(265,'2007-01-23 20:10:00',20),(266,'2004-05-02 23:37:00',4),(267,'2006-12-01 19:20:00',7),(268,'2006-08-02 06:16:00',4),(269,'2009-04-07 12:03:00',10),(270,'2000-02-05 05:50:00',10),(271,'2009-06-17 09:47:00',2),(272,'2004-10-07 06:11:00',7),(273,'2015-08-08 13:17:00',10),(274,'2004-05-02 18:40:00',13),(275,'2015-04-11 05:37:00',10),(276,'2013-11-24 14:12:00',4),(277,'2015-12-05 06:14:00',20),(278,'2015-06-02 04:36:00',7),(279,'2000-05-22 20:24:00',20),(280,'2005-02-25 00:08:00',20),(281,'2002-09-23 03:16:00',3),(282,'2011-09-26 00:27:00',4),(283,'2004-02-27 23:33:00',1),(284,'2015-04-16 14:44:00',2),(285,'2014-05-07 01:16:00',1),(286,'2012-01-18 09:07:00',10),(287,'2012-11-01 13:54:00',2),(288,'2012-01-04 22:29:00',7),(289,'2010-12-14 17:59:00',20),(290,'2001-02-07 09:30:00',13),(291,'2002-03-24 02:46:00',20),(292,'2008-09-22 03:29:00',4),(293,'2000-11-16 19:54:00',10),(294,'2016-06-19 00:52:00',10),(295,'2006-07-02 04:35:00',4),(296,'2008-02-15 09:12:00',10),(297,'2016-05-19 03:04:00',1),(298,'2008-11-15 22:07:00',2),(299,'2000-10-28 11:20:00',2),(300,'2002-08-02 12:27:00',20),(301,'2010-02-02 07:58:00',7),(302,'2015-09-02 03:03:00',20),(303,'2006-10-10 23:42:00',1),(304,'2006-11-25 06:51:00',20),(305,'2016-07-20 10:08:00',4),(306,'2006-04-04 19:10:00',1),(307,'2012-10-04 04:03:00',3),(308,'2009-01-15 10:43:00',13),(309,'2015-05-21 23:16:00',2),(310,'2014-02-02 17:27:00',4),(311,'2004-05-05 11:28:00',20),(312,'2010-04-06 01:41:00',13),(313,'2009-06-07 01:23:00',1),(314,'2011-08-11 06:04:00',10),(315,'2009-10-08 14:27:00',4),(316,'2005-04-17 02:18:00',4),(317,'2005-08-14 10:09:00',2),(318,'2005-11-06 04:51:00',2),(319,'2003-10-17 18:11:00',20),(320,'2004-09-01 14:49:00',3),(321,'2015-12-14 22:05:00',13),(322,'2011-08-15 09:07:00',3),(323,'2004-05-10 16:41:00',1),(324,'2010-09-10 15:02:00',10),(325,'2001-11-01 09:38:00',4),(326,'2013-02-27 02:26:00',4),(327,'2012-04-15 00:35:00',20),(328,'2016-02-16 14:56:00',4),(329,'2015-02-23 03:07:00',10),(330,'2004-05-01 11:11:00',4),(331,'2008-10-21 02:09:00',4),(332,'2015-07-14 21:29:00',7),(333,'2007-07-25 18:16:00',4),(334,'2000-01-17 20:47:00',7),(335,'2012-09-22 21:45:00',20),(336,'2015-05-26 11:07:00',4),(337,'2009-11-22 00:06:00',10),(338,'2009-09-14 07:11:00',1),(339,'2003-07-25 15:24:00',1),(340,'2012-04-28 22:46:00',7),(341,'2002-04-06 03:47:00',1),(342,'2008-04-14 22:07:00',7),(343,'2016-11-05 11:38:00',20),(344,'2011-07-07 23:11:00',10),(345,'2016-09-02 15:03:00',4),(346,'2003-01-19 13:23:00',20),(347,'2008-02-19 12:37:00',3),(348,'2016-08-28 00:38:00',7),(349,'2014-09-04 07:53:00',4),(350,'2005-02-12 03:35:00',1),(351,'2013-10-01 05:35:00',20),(352,'2013-01-21 15:01:00',20),(353,'2003-08-24 04:07:00',10),(354,'2014-09-02 16:17:00',20),(355,'2006-04-04 18:06:00',2),(356,'2004-05-11 22:17:00',4),(357,'2015-06-24 18:18:00',1),(358,'2011-09-12 10:35:00',3),(359,'2009-07-03 21:30:00',10),(360,'2016-05-03 11:46:00',4),(361,'2000-08-27 11:06:00',10),(362,'2000-09-06 17:22:00',10),(363,'2016-09-03 14:11:00',13),(364,'2008-07-27 01:27:00',2),(365,'2003-08-27 17:32:00',7),(366,'2004-03-13 12:08:00',3),(367,'2008-05-10 22:05:00',2),(368,'2014-09-27 17:48:00',1),(369,'2002-10-04 23:14:00',2),(370,'2011-04-21 12:01:00',2),(371,'2005-10-23 08:13:00',20),(372,'2015-07-15 15:31:00',7),(373,'2016-11-16 13:08:00',13),(374,'2004-09-12 01:03:00',10),(375,'2008-04-25 13:10:00',13),(376,'2011-08-12 12:00:00',4),(377,'2011-02-16 04:45:00',13),(378,'2010-05-27 17:00:00',10),(379,'2005-07-14 17:12:00',13),(380,'2003-04-20 08:45:00',20),(381,'2014-02-10 11:49:00',2),(382,'2009-07-19 04:28:00',2),(383,'2012-10-17 00:24:00',4),(384,'2012-01-24 11:12:00',7),(385,'2003-09-20 10:41:00',1),(386,'2016-02-17 10:37:00',7),(387,'2001-11-01 06:10:00',10),(388,'2013-10-24 22:29:00',7),(389,'2011-07-12 10:25:00',2),(390,'2014-05-08 05:32:00',1),(391,'2010-08-07 17:28:00',2),(392,'2016-11-13 07:51:00',7),(393,'2009-03-08 00:12:00',4),(394,'2009-09-19 04:40:00',10),(395,'2014-03-16 00:30:00',2),(396,'2010-03-01 06:37:00',3),(397,'2015-08-04 13:39:00',1),(398,'2015-02-20 05:10:00',1),(399,'2003-08-17 20:46:00',13),(400,'2011-07-16 11:15:00',2),(401,'2007-10-05 12:37:00',2),(402,'2008-03-15 04:58:00',3),(403,'2006-05-08 00:20:00',3),(404,'2012-03-20 10:12:00',20),(405,'2004-10-03 02:46:00',10),(406,'2010-02-13 03:33:00',4),(407,'2011-12-22 08:25:00',20),(408,'2000-05-01 07:19:00',3),(409,'2011-12-27 23:34:00',4),(410,'2001-06-06 23:19:00',7),(411,'2014-10-12 05:28:00',10),(412,'2008-06-18 17:51:00',13),(413,'2005-04-13 12:38:00',1),(414,'2009-10-07 05:16:00',13),(415,'2015-04-19 01:27:00',1),(416,'2010-10-15 01:19:00',7),(417,'2009-09-20 01:13:00',4),(418,'2004-05-23 06:47:00',4),(419,'2010-07-09 05:25:00',3),(420,'2010-09-15 01:28:00',10),(421,'2015-05-25 14:40:00',4),(422,'2012-02-18 14:25:00',2),(423,'2009-12-05 18:02:00',2),(424,'2013-03-04 06:45:00',1),(425,'2010-11-04 11:26:00',13),(426,'2006-08-27 08:20:00',20),(427,'2001-05-10 07:16:00',13),(428,'2000-11-21 01:07:00',10),(429,'2014-06-10 05:07:00',1),(430,'2008-01-22 17:10:00',20),(431,'2012-02-11 11:48:00',2),(432,'2014-04-20 14:14:00',3),(433,'2007-05-18 13:31:00',4),(434,'2012-04-24 13:37:00',1),(435,'2012-03-18 01:28:00',2),(436,'2013-01-10 07:17:00',4),(437,'2004-06-17 23:31:00',3),(438,'2006-09-12 05:48:00',2),(439,'2000-08-10 06:50:00',3),(440,'2016-01-07 05:20:00',13),(441,'2004-02-06 07:03:00',13),(442,'2000-10-10 20:16:00',2),(443,'2000-04-03 00:58:00',2),(444,'2009-02-17 20:53:00',1),(445,'2015-10-09 20:56:00',13),(446,'2014-10-13 17:56:00',1),(447,'2013-12-11 18:16:00',7),(448,'2006-12-24 02:44:00',7),(449,'2004-08-08 07:24:00',2),(450,'2016-04-26 02:15:00',1),(451,'2016-09-04 17:34:00',2),(452,'2008-06-20 01:00:00',4),(453,'2013-04-16 04:46:00',1),(454,'2016-10-20 03:17:00',10),(455,'2000-04-25 09:42:00',10),(456,'2008-02-28 20:23:00',13),(457,'2000-07-01 03:41:00',3),(458,'2016-05-12 08:20:00',10),(459,'2009-05-06 16:00:00',13),(460,'2010-08-20 02:03:00',1),(461,'2016-03-12 08:22:00',10),(462,'2001-05-13 12:40:00',4),(463,'2004-03-06 05:50:00',20),(464,'2006-10-18 14:39:00',20),(465,'2014-07-19 02:19:00',4),(466,'2001-01-03 06:10:00',4),(467,'2004-01-19 14:49:00',2),(468,'2007-07-14 07:03:00',20),(469,'2016-12-20 04:45:00',10),(470,'2014-07-03 00:22:00',20),(471,'2004-10-26 19:27:00',13),(472,'2000-06-14 03:11:00',7),(473,'2007-03-28 23:19:00',3),(474,'2002-07-15 13:05:00',7),(475,'2008-08-25 14:36:00',4),(476,'2006-10-13 03:33:00',2),(477,'2002-11-24 13:01:00',1),(478,'2016-01-02 07:51:00',2),(479,'2013-11-21 21:20:00',4),(480,'2006-06-17 00:06:00',13),(481,'2012-05-12 20:45:00',13),(482,'2014-07-18 23:15:00',20),(483,'2005-11-03 19:45:00',2),(484,'2002-04-04 10:59:00',1),(485,'2014-12-15 18:54:00',7),(486,'2014-06-16 07:57:00',4),(487,'2011-06-23 20:53:00',10),(488,'2006-04-24 19:08:00',1),(489,'2015-03-28 06:28:00',1),(490,'2014-09-11 12:10:00',13),(491,'2016-08-23 09:54:00',3),(492,'2007-06-12 01:03:00',2),(493,'2016-02-08 20:24:00',10),(494,'2007-11-27 22:05:00',4),(495,'2016-06-10 20:19:00',13),(496,'2002-09-13 02:30:00',2),(497,'2007-04-27 17:06:00',1),(498,'2007-03-03 17:00:00',20),(499,'2014-05-14 08:08:00',3),(500,'2008-02-02 01:27:00',4),(501,'2001-02-13 23:49:00',2),(502,'2011-03-16 03:23:00',2),(503,'2005-10-03 13:08:00',3),(504,'2012-11-11 12:08:00',3),(505,'2014-05-06 22:52:00',1),(506,'2010-10-01 10:34:00',10),(507,'2013-06-10 20:24:00',2),(508,'2004-08-28 23:36:00',7),(509,'2003-02-10 22:19:00',3),(510,'2015-10-26 21:00:00',7),(511,'2005-04-06 14:55:00',20),(512,'2013-12-15 21:47:00',7),(513,'2009-05-25 01:59:00',2),(514,'2011-03-11 01:47:00',13),(515,'2001-12-20 11:42:00',13),(516,'2005-10-05 09:37:00',4),(517,'2009-08-08 01:51:00',3),(518,'2015-03-05 15:38:00',4),(519,'2014-10-05 19:34:00',3),(520,'2010-02-12 01:13:00',3),(521,'2014-07-11 22:44:00',10),(522,'2005-02-28 22:02:00',1),(523,'2010-08-04 22:55:00',7),(524,'2005-03-05 21:51:00',20),(525,'2010-01-07 19:00:00',4),(526,'2015-10-07 22:26:00',1),(527,'2008-05-09 03:50:00',2),(528,'2014-03-13 07:42:00',13),(529,'2001-03-08 05:13:00',10),(530,'2005-02-11 18:00:00',7),(531,'2008-04-28 07:52:00',13),(532,'2000-03-06 06:46:00',2),(533,'2003-03-09 04:08:00',4),(534,'2011-08-07 01:30:00',2),(535,'2000-09-26 14:01:00',3),(536,'2012-07-16 08:03:00',10),(537,'2003-12-17 23:01:00',1),(538,'2013-08-28 11:43:00',1),(539,'2011-03-15 18:27:00',3),(540,'2006-11-24 15:36:00',4),(541,'2011-04-21 16:39:00',7),(542,'2011-08-16 13:03:00',7),(543,'2016-09-16 16:17:00',7),(544,'2015-07-12 21:50:00',10),(545,'2013-07-23 02:23:00',4),(546,'2003-11-18 10:48:00',4),(547,'2001-06-10 13:33:00',4),(548,'2015-09-22 00:10:00',7),(549,'2009-07-28 20:19:00',20),(550,'2010-12-25 08:43:00',7),(551,'2007-11-26 14:03:00',20),(552,'2012-08-12 22:17:00',2),(553,'2012-04-28 16:35:00',13),(554,'2016-04-05 06:16:00',2),(555,'2013-03-26 03:28:00',10),(556,'2003-09-12 05:39:00',13),(557,'2008-09-28 04:25:00',2),(558,'2011-12-03 14:18:00',13),(559,'2015-04-03 04:04:00',2),(560,'2003-03-09 23:37:00',3),(561,'2004-07-25 22:35:00',13),(562,'2008-01-22 11:08:00',3),(563,'2002-02-09 11:05:00',20),(564,'2009-06-13 23:03:00',4),(565,'2014-05-25 15:43:00',3),(566,'2010-02-12 16:32:00',3),(567,'2008-11-20 03:00:00',4),(568,'2004-02-19 22:13:00',7),(569,'2013-12-16 13:20:00',13),(570,'2009-07-24 07:50:00',3),(571,'2005-01-09 05:58:00',20),(572,'2001-10-01 20:21:00',1),(573,'2016-12-18 02:17:00',1),(574,'2015-10-11 11:20:00',1),(575,'2011-05-07 18:01:00',13),(576,'2011-05-25 01:01:00',13),(577,'2003-06-15 10:10:00',7),(578,'2006-06-10 18:35:00',10),(579,'2004-05-15 01:48:00',20),(580,'2015-11-18 00:47:00',7),(581,'2005-02-20 10:37:00',1),(582,'2003-03-06 04:53:00',13),(583,'2010-12-17 05:34:00',13),(584,'2008-12-12 21:00:00',7),(585,'2016-09-12 03:24:00',1),(586,'2010-04-24 22:37:00',10),(587,'2008-03-28 19:02:00',20),(588,'2008-04-19 08:30:00',20),(589,'2005-08-07 08:54:00',1),(590,'2007-02-03 14:51:00',3),(591,'2012-04-15 21:40:00',13),(592,'2012-09-20 05:08:00',2),(593,'2004-10-28 14:10:00',20),(594,'2009-10-09 07:27:00',3),(595,'2016-07-09 13:45:00',7),(596,'2016-06-10 07:58:00',13),(597,'2007-02-14 08:31:00',7),(598,'2006-08-01 01:23:00',13),(599,'2012-08-11 05:35:00',10),(600,'2013-09-03 21:12:00',20),(601,'2016-10-03 10:16:00',4),(602,'2014-04-09 01:26:00',3),(603,'2004-04-15 10:31:00',3),(604,'2008-07-15 00:15:00',1),(605,'2013-06-27 01:16:00',2),(606,'2005-06-17 17:11:00',20),(607,'2007-05-22 14:55:00',3),(608,'2006-01-13 00:41:00',13),(609,'2002-10-02 02:00:00',1),(610,'2010-12-12 20:23:00',2),(611,'2001-04-20 08:03:00',7),(612,'2008-02-23 08:48:00',20),(613,'2004-09-05 00:16:00',20),(614,'2005-05-08 06:17:00',2),(615,'2004-08-10 15:29:00',10),(616,'2005-09-09 21:42:00',2),(617,'2012-02-19 00:28:00',13),(618,'2000-10-03 01:56:00',3),(619,'2012-01-06 15:04:00',7),(620,'2012-01-04 11:06:00',7),(621,'2002-05-18 13:09:00',2),(622,'2001-12-09 19:52:00',13),(623,'2001-02-03 02:30:00',2),(624,'2005-03-13 01:56:00',7),(625,'2008-06-15 15:17:00',13),(626,'2012-09-25 05:43:00',2),(627,'2013-09-07 09:26:00',1),(628,'2009-04-17 21:36:00',2),(629,'2003-09-28 16:18:00',2),(630,'2005-05-11 04:09:00',7),(631,'2002-06-24 03:26:00',7),(632,'2010-07-19 10:46:00',1),(633,'2009-05-16 18:46:00',7),(634,'2016-04-28 23:29:00',10),(635,'2001-10-12 01:40:00',1),(636,'2010-02-28 23:09:00',2),(637,'2001-06-08 12:26:00',2),(638,'2000-10-20 19:19:00',13),(639,'2000-09-18 08:15:00',1),(640,'2014-08-28 00:38:00',3),(641,'2006-01-07 18:42:00',13),(642,'2012-04-11 03:46:00',13),(643,'2004-09-22 18:51:00',13),(644,'2009-08-17 12:40:00',7),(645,'2014-12-18 12:05:00',20),(646,'2003-08-22 20:03:00',4),(647,'2015-04-21 18:08:00',20),(648,'2009-09-07 12:13:00',10),(649,'2003-04-25 05:24:00',1),(650,'2014-06-12 02:17:00',10),(651,'2005-03-17 14:12:00',10),(652,'2013-03-03 06:23:00',4),(653,'2015-11-11 23:05:00',13),(654,'2002-11-01 11:58:00',13),(655,'2007-05-13 11:38:00',4),(656,'2003-09-06 18:06:00',2),(657,'2000-05-01 07:43:00',7),(658,'2000-06-01 01:51:00',1),(659,'2012-06-19 18:12:00',7),(660,'2009-11-15 22:35:00',10),(661,'2006-12-17 07:11:00',1),(662,'2013-12-19 16:05:00',3),(663,'2002-02-16 15:00:00',20),(664,'2007-01-03 06:29:00',4),(665,'2016-10-12 14:31:00',4),(666,'2008-12-11 13:41:00',10),(667,'2002-07-20 14:12:00',2),(668,'2002-06-09 20:21:00',10),(669,'2001-09-16 22:43:00',10),(670,'2011-05-25 12:45:00',7),(671,'2012-02-07 00:36:00',20),(672,'2011-12-19 21:55:00',20),(673,'2009-10-16 17:22:00',7),(674,'2012-03-04 02:51:00',10),(675,'2016-04-10 03:40:00',20),(676,'2003-08-21 12:43:00',4),(677,'2002-03-12 01:11:00',4),(678,'2015-09-16 18:12:00',7),(679,'2007-05-19 18:29:00',20),(680,'2005-06-22 23:00:00',1),(681,'2005-04-12 17:17:00',7),(682,'2011-12-01 12:47:00',10),(683,'2002-12-10 03:27:00',4),(684,'2004-06-21 09:47:00',13),(685,'2015-06-17 20:55:00',4),(686,'2000-01-26 21:59:00',10),(687,'2002-06-16 19:58:00',1),(688,'2013-04-20 13:24:00',4),(689,'2004-03-15 03:35:00',20),(690,'2015-11-08 08:04:00',20),(691,'2008-10-03 19:55:00',13),(692,'2005-11-09 17:00:00',20),(693,'2004-12-18 15:45:00',7),(694,'2012-07-15 23:26:00',20),(695,'2011-09-12 03:12:00',7),(696,'2013-09-13 22:33:00',13),(697,'2000-11-24 04:32:00',10),(698,'2006-03-22 18:15:00',3),(699,'2002-03-09 19:35:00',7),(700,'2006-07-19 06:19:00',13),(701,'2007-07-13 12:26:00',1),(702,'2014-09-18 15:01:00',20),(703,'2009-09-06 02:21:00',20),(704,'2006-01-11 09:15:00',3),(705,'2007-02-02 10:52:00',13),(706,'2004-11-02 20:07:00',13),(707,'2006-09-28 02:28:00',3),(708,'2000-12-27 22:56:00',20),(709,'2005-12-06 19:19:00',10),(710,'2001-07-03 08:18:00',2),(711,'2009-11-13 08:39:00',10),(712,'2004-07-08 18:50:00',3),(713,'2004-09-24 09:46:00',7),(714,'2011-12-13 02:16:00',10),(715,'2014-09-21 17:09:00',13),(716,'2007-07-19 03:50:00',3),(717,'2007-06-22 02:00:00',10),(718,'2008-03-25 14:21:00',1),(719,'2016-08-20 11:33:00',4),(720,'2011-03-14 15:11:00',13),(721,'2005-04-28 22:18:00',20),(722,'2004-02-28 05:38:00',2),(723,'2006-02-14 03:49:00',2),(724,'2011-06-24 14:24:00',4),(725,'2009-02-11 20:14:00',2),(726,'2015-10-14 17:42:00',10),(727,'2015-04-06 07:04:00',20),(728,'2005-06-07 16:01:00',7),(729,'2008-09-07 18:39:00',1),(730,'2010-06-05 17:55:00',7),(731,'2013-11-09 21:14:00',2),(732,'2004-03-26 15:16:00',13),(733,'2005-09-28 23:43:00',2),(734,'2012-08-04 11:07:00',3),(735,'2000-12-12 02:19:00',10),(736,'2006-02-25 10:55:00',20),(737,'2008-06-27 12:34:00',4),(738,'2004-03-25 04:49:00',1),(739,'2002-07-21 10:24:00',1),(740,'2009-05-25 16:08:00',20),(741,'2006-06-25 21:01:00',1),(742,'2002-04-03 22:54:00',3),(743,'2014-08-23 16:26:00',2),(744,'2016-12-18 08:07:00',2),(745,'2008-06-23 00:35:00',10),(746,'2016-09-09 07:28:00',20),(747,'2015-03-05 13:35:00',10),(748,'2002-03-03 09:54:00',13),(749,'2000-12-11 21:08:00',4),(750,'2003-12-16 15:54:00',10),(751,'2006-06-22 06:39:00',7),(752,'2016-12-12 01:03:00',2),(753,'2016-09-06 06:00:00',10),(754,'2016-10-05 21:41:00',7),(755,'2001-08-28 02:23:00',2),(756,'2016-06-23 19:47:00',2),(757,'2005-05-28 05:07:00',20),(758,'2015-06-24 00:31:00',1),(759,'2000-03-13 20:53:00',2),(760,'2015-03-28 11:52:00',10),(761,'2012-04-21 23:36:00',7),(762,'2006-12-21 05:25:00',13),(763,'2014-03-20 20:22:00',13),(764,'2002-02-24 17:41:00',20),(765,'2006-11-03 16:58:00',1),(766,'2008-12-05 03:03:00',10),(767,'2003-01-24 02:48:00',7),(768,'2014-10-17 08:10:00',7),(769,'2003-11-09 19:56:00',1),(770,'2013-06-15 14:15:00',20),(771,'2007-07-17 11:13:00',1),(772,'2011-10-08 00:51:00',10),(773,'2000-07-10 10:59:00',10),(774,'2004-05-04 04:07:00',13),(775,'2011-08-12 23:39:00',20),(776,'2005-12-22 05:25:00',2),(777,'2009-01-11 14:32:00',4),(778,'2015-02-27 10:34:00',7),(779,'2008-04-17 23:25:00',1),(780,'2002-05-14 06:41:00',4),(781,'2007-07-13 06:06:00',3),(782,'2000-07-12 10:27:00',1),(783,'2010-06-15 18:19:00',13),(784,'2004-07-02 09:47:00',3),(785,'2000-11-16 17:00:00',3),(786,'2014-05-25 14:21:00',20),(787,'2014-01-20 18:18:00',3),(788,'2014-02-09 21:26:00',10),(789,'2014-03-01 21:16:00',2),(790,'2004-09-15 10:42:00',3),(791,'2016-11-19 13:06:00',13),(792,'2001-01-15 10:28:00',10),(793,'2004-04-16 11:54:00',13),(794,'2007-04-10 03:38:00',20),(795,'2015-03-13 03:27:00',20),(796,'2008-03-07 01:52:00',7),(797,'2009-06-05 12:38:00',2),(798,'2002-01-21 18:50:00',10),(799,'2009-08-02 20:02:00',2),(800,'2007-10-13 08:53:00',3),(801,'2013-12-13 11:36:00',10),(802,'2010-12-05 12:02:00',3),(803,'2013-05-22 22:01:00',20),(804,'2015-12-05 13:03:00',1),(805,'2008-04-22 08:49:00',13),(806,'2000-04-07 07:23:00',10),(807,'2011-01-04 23:31:00',13),(808,'2013-07-14 15:52:00',2),(809,'2007-09-26 17:56:00',1),(810,'2005-09-24 06:29:00',2),(811,'2001-03-17 17:33:00',2),(812,'2010-01-14 20:32:00',1),(813,'2003-06-05 20:48:00',3),(814,'2015-01-24 13:55:00',2),(815,'2004-02-22 23:26:00',10),(816,'2014-02-21 15:49:00',10),(817,'2001-08-04 13:33:00',3),(818,'2003-03-22 12:33:00',1),(819,'2010-06-01 09:39:00',2),(820,'2016-02-10 23:48:00',20),(821,'2015-12-27 18:59:00',1),(822,'2002-08-25 23:50:00',4),(823,'2016-05-26 14:39:00',1),(824,'2005-05-06 06:10:00',3),(825,'2011-09-08 14:52:00',4),(826,'2000-04-11 05:29:00',4),(827,'2016-11-18 02:47:00',13),(828,'2012-05-05 07:37:00',1),(829,'2000-04-02 12:06:00',1),(830,'2010-07-19 01:12:00',7),(831,'2000-12-14 06:38:00',20),(832,'2005-02-05 03:06:00',7),(833,'2012-09-06 06:48:00',1),(834,'2006-07-22 11:29:00',13),(835,'2000-05-17 17:45:00',20),(836,'2016-08-10 19:16:00',2),(837,'2016-12-02 07:17:00',4),(838,'2008-01-17 21:52:00',10),(839,'2004-11-20 04:23:00',1),(840,'2000-07-19 05:06:00',7),(841,'2000-01-19 05:54:00',13),(842,'2010-06-11 12:20:00',10),(843,'2015-03-02 11:03:00',7),(844,'2014-05-12 02:02:00',3),(845,'2015-12-22 09:04:00',2),(846,'2009-11-09 19:04:00',10),(847,'2011-07-06 23:09:00',1),(848,'2012-01-14 08:44:00',13),(849,'2000-09-20 14:39:00',7),(850,'2006-05-05 04:55:00',2),(851,'2015-07-18 17:47:00',4),(852,'2013-01-21 10:34:00',1),(853,'2002-01-01 07:38:00',3),(854,'2003-03-03 22:53:00',7),(855,'2003-05-15 16:29:00',3),(856,'2001-05-16 14:39:00',1),(857,'2012-03-01 21:49:00',4),(858,'2009-02-14 00:17:00',2),(859,'2004-04-01 07:33:00',1),(860,'2000-12-22 01:35:00',10),(861,'2007-11-17 02:39:00',2),(862,'2014-11-26 08:28:00',1),(863,'2014-12-08 22:30:00',7),(864,'2005-08-28 07:43:00',7),(865,'2016-06-21 12:57:00',10),(866,'2009-07-13 00:36:00',7),(867,'2007-03-08 04:26:00',20),(868,'2015-12-09 13:16:00',4),(869,'2012-11-11 00:01:00',7),(870,'2006-04-20 08:42:00',7),(871,'2013-01-03 09:42:00',7),(872,'2011-10-14 08:50:00',1),(873,'2009-12-24 22:29:00',13),(874,'2008-04-28 08:15:00',1),(875,'2000-11-28 00:59:00',7),(876,'2007-08-13 00:59:00',20),(877,'2011-06-10 08:44:00',1),(878,'2003-03-16 21:08:00',4),(879,'2002-04-12 12:16:00',1),(880,'2007-05-23 17:24:00',13),(881,'2011-05-23 07:52:00',2),(882,'2001-02-10 22:23:00',7),(883,'2000-08-28 08:18:00',7),(884,'2013-12-14 23:52:00',4),(885,'2005-02-08 19:16:00',3),(886,'2000-04-13 00:58:00',10),(887,'2014-03-28 15:24:00',7),(888,'2014-04-25 11:10:00',10),(889,'2008-10-20 21:27:00',4),(890,'2005-07-14 16:36:00',7),(891,'2016-04-14 14:57:00',2),(892,'2014-12-23 14:57:00',7),(893,'2009-07-15 22:18:00',3),(894,'2000-08-06 08:23:00',13),(895,'2001-07-21 09:47:00',2),(896,'2001-05-19 05:16:00',2),(897,'2003-09-21 13:10:00',2),(898,'2009-12-24 06:36:00',20),(899,'2000-12-05 14:32:00',20),(900,'2008-09-23 02:00:00',13),(901,'2016-03-27 06:21:00',4),(902,'2014-02-18 18:04:00',10),(903,'2009-06-04 21:07:00',1),(904,'2012-10-28 12:20:00',4),(905,'2014-04-11 10:15:00',10),(906,'2008-09-14 23:33:00',1),(907,'2003-07-16 15:58:00',1),(908,'2014-10-23 05:28:00',20),(909,'2003-07-26 23:50:00',10),(910,'2012-07-07 13:23:00',20),(911,'2009-10-12 22:40:00',3),(912,'2004-08-19 20:15:00',4),(913,'2004-04-06 21:39:00',3),(914,'2013-09-10 10:44:00',3),(915,'2005-09-05 01:13:00',10),(916,'2012-12-01 18:06:00',13),(917,'2002-11-19 19:05:00',13),(918,'2005-05-20 08:47:00',1),(919,'2010-06-15 11:05:00',13),(920,'2005-10-23 05:35:00',20),(921,'2003-10-01 18:48:00',10),(922,'2009-01-19 10:22:00',1),(923,'2009-04-27 03:58:00',7),(924,'2016-07-22 18:08:00',20),(925,'2002-11-13 22:31:00',1),(926,'2004-03-07 03:20:00',7),(927,'2003-04-24 17:44:00',1),(928,'2015-01-12 20:41:00',13),(929,'2006-06-20 10:13:00',2),(930,'2012-05-11 14:39:00',7),(931,'2002-04-22 10:53:00',1),(932,'2012-07-28 11:49:00',20),(933,'2008-05-17 15:50:00',4),(934,'2010-04-01 20:16:00',3),(935,'2008-12-26 06:10:00',2),(936,'2012-02-19 20:32:00',10),(937,'2004-12-15 19:07:00',7),(938,'2000-04-27 09:29:00',20),(939,'2000-02-12 07:54:00',10),(940,'2011-03-19 19:24:00',1),(941,'2004-02-12 02:41:00',1),(942,'2002-09-24 02:12:00',4),(943,'2007-04-09 07:55:00',1),(944,'2008-04-12 15:36:00',2),(945,'2010-01-17 04:17:00',4),(946,'2012-06-12 02:28:00',20),(947,'2003-05-12 03:04:00',7),(948,'2006-10-08 02:16:00',2),(949,'2008-09-09 15:54:00',2),(950,'2001-04-18 01:48:00',20),(951,'2000-11-02 17:11:00',20),(952,'2012-12-18 13:38:00',1),(953,'2002-01-27 21:39:00',2),(954,'2015-03-24 14:59:00',4),(955,'2005-05-06 08:25:00',1),(956,'2007-08-15 08:39:00',20),(957,'2000-10-14 07:16:00',10),(958,'2003-05-27 12:46:00',4),(959,'2002-12-18 21:26:00',13),(960,'2000-09-17 22:13:00',13),(961,'2013-05-12 04:25:00',13),(962,'2004-01-26 11:48:00',10),(963,'2013-06-10 11:48:00',3),(964,'2015-12-20 22:34:00',7),(965,'2010-03-04 21:59:00',7),(966,'2008-01-17 13:35:00',4),(967,'2014-02-27 17:48:00',4),(968,'2007-08-24 07:27:00',10),(969,'2008-10-25 00:44:00',1),(970,'2004-10-14 07:05:00',13),(971,'2008-03-25 07:25:00',1),(972,'2005-03-25 20:30:00',20),(973,'2014-10-13 23:19:00',1),(974,'2001-04-05 00:01:00',1),(975,'2008-05-06 00:36:00',20),(976,'2004-02-18 13:28:00',10),(977,'2009-03-14 07:12:00',20),(978,'2015-06-11 09:58:00',1),(979,'2001-01-03 03:42:00',13),(980,'2009-03-25 02:13:00',10),(981,'2005-08-12 04:27:00',2),(982,'2004-02-27 06:06:00',2),(983,'2011-03-04 12:52:00',2),(984,'2015-08-13 00:59:00',10),(985,'2000-09-11 16:03:00',13),(986,'2003-05-28 11:23:00',20),(987,'2011-01-18 17:58:00',4),(988,'2010-07-27 19:55:00',7),(989,'2014-11-21 05:49:00',4),(990,'2006-11-13 20:17:00',4),(991,'2015-03-20 02:59:00',2),(992,'2011-02-20 17:43:00',2),(993,'2000-10-22 16:40:00',10),(994,'2014-08-01 20:48:00',10),(995,'2009-02-14 22:33:00',1),(996,'2012-09-28 18:59:00',7),(997,'2012-08-16 09:21:00',10),(998,'2014-05-06 05:27:00',4),(999,'2004-08-19 04:44:00',20),(1000,'2009-05-20 00:47:00',4);
/*!40000 ALTER TABLE `matches` ENABLE KEYS */;
UNLOCK TABLES;

--
-- Table structure for table `statuses`
--

DROP TABLE IF EXISTS `statuses`;
/*!40101 SET @saved_cs_client     = @@character_set_client */;
/*!40101 SET character_set_client = utf8 */;
CREATE TABLE `statuses` (
  `id` int(11) unsigned NOT NULL AUTO_INCREMENT,
  `name` varchar(16) NOT NULL DEFAULT '',
  PRIMARY KEY (`id`)
) ENGINE=InnoDB AUTO_INCREMENT=4 DEFAULT CHARSET=utf8;
/*!40101 SET character_set_client = @saved_cs_client */;

--
-- Dumping data for table `statuses`
--

LOCK TABLES `statuses` WRITE;
/*!40000 ALTER TABLE `statuses` DISABLE KEYS */;
INSERT INTO `statuses` VALUES (1,'Win'),(2,'Loss'),(3,'Tie');
/*!40000 ALTER TABLE `statuses` ENABLE KEYS */;
UNLOCK TABLES;

--
-- Table structure for table `teams`
--

DROP TABLE IF EXISTS `teams`;
/*!40101 SET @saved_cs_client     = @@character_set_client */;
/*!40101 SET character_set_client = utf8 */;
CREATE TABLE `teams` (
  `id` int(11) unsigned NOT NULL AUTO_INCREMENT,
  `name` varchar(64) NOT NULL DEFAULT '',
  PRIMARY KEY (`id`),
  UNIQUE KEY `unique_name` (`name`),
  KEY `t_id_index` (`id`)
) ENGINE=InnoDB AUTO_INCREMENT=2001 DEFAULT CHARSET=utf8;
/*!40101 SET character_set_client = @saved_cs_client */;

--
-- Dumping data for table `teams`
--

LOCK TABLES `teams` WRITE;
/*!40000 ALTER TABLE `teams` DISABLE KEYS */;
INSERT INTO `teams` VALUES (24,'astralis'),(11,'Cloud9'),(4,'compLexity'),(25,'Counter Logic Gaming'),(23,'FaZe'),(32,'FlipSid3 Tactics'),(16,'fnatic'),(6,'G2 Kinguin'),(10,'KKona'),(20,'Luminosity Gaming'),(14,'mousesports'),(9,'Natus Vincere'),(2,'Ninjas In Pyjamas'),(33,'NRG eSports'),(50,'OpTic Gaming'),(3,'Renegades'),(21,'Selfless Gaming'),(7,'SK Gaming'),(18,'Splyce'),(5,'Team Dignitas'),(17,'TEAM ENVYUS'),(37,'Team Liquid'),(1,'Virtus  Pro'),(45,'Winterfox');
/*!40000 ALTER TABLE `teams` ENABLE KEYS */;
UNLOCK TABLES;
/*!40103 SET TIME_ZONE=@OLD_TIME_ZONE */;

/*!40101 SET SQL_MODE=@OLD_SQL_MODE */;
/*!40014 SET FOREIGN_KEY_CHECKS=@OLD_FOREIGN_KEY_CHECKS */;
/*!40014 SET UNIQUE_CHECKS=@OLD_UNIQUE_CHECKS */;
/*!40101 SET CHARACTER_SET_CLIENT=@OLD_CHARACTER_SET_CLIENT */;
/*!40101 SET CHARACTER_SET_RESULTS=@OLD_CHARACTER_SET_RESULTS */;
/*!40101 SET COLLATION_CONNECTION=@OLD_COLLATION_CONNECTION */;
/*!40111 SET SQL_NOTES=@OLD_SQL_NOTES */;

-- Dump completed on 2016-05-30  9:48:13
